{
  "gex_by_strike": {
    "200.0": -0.0,
    "210.0": 1e-06,
    "215.0": -0.0,
    "220.0": -0.0,
    "235.0": 1.8e-05,
    "240.0": 8e-06,
    "245.0": 9e-06,
    "250.0": 0.000124,
    "255.0": 0.000132,
    "260.0": 0.0,
    "261.0": 6e-06,
    "262.0": 7e-06,
    "263.0": -1e-05,
    "264.0": 4.8e-05,
    "265.0": 0.000353,
    "266.0": -5e-05,
    "267.0": -0.000113,
    "268.0": -2.6e-05,
    "269.0": -2e-06,
    "270.0": 2.3e-05,
    "271.0": 0.001067,
    "272.0": -5.3e-05,
    "273.0": -0.000196,
    "274.0": 0.000206,
    "275.0": -0.000187,
    "276.0": 0.001648,
    "277.0": 0.002511,
    "278.0": -0.000102,
    "279.0": 0.000487,
    "280.0": 0.012555,
    "281.0": 0.027793,
    "282.0": 0.015164,
    "283.0": -0.00553,
    "284.0": 0.060553,
    "285.0": -0.163229,
    "286.0": -0.029074,
    "287.0": -0.035893,
    "288.0": -0.049034,
    "289.0": 0.010788,
    "290.0": 0.183609,
    "291.0": 0.971784,
    "292.0": 3.692741,
    "293.0": 0.346396,
    "294.0": 0.257209,
    "295.0": 0.732132,
    "296.0": 0.668685,
    "297.0": 0.131989,
    "298.0": 0.10371,
    "299.0": 0.017053,
    "300.0": 0.035413,
    "301.0": 0.00349,
    "302.0": 0.011518,
    "303.0": 0.001392,
    "304.0": 0.000303,
    "305.0": 3.2e-05,
    "306.0": -0.000152,
    "307.0": -0.000286,
    "308.0": -6.5e-05,
    "309.0": 1e-06,
    "310.0": -6.6e-05,
    "311.0": 1e-06,
    "312.0": 3e-06,
    "314.0": -0.000115,
    "315.0": -1.9e-05,
    "330.0": 0.0
  },
  "zero_gamma": 288.82,
  "net_gex_billions": 7.006758,
  "spot": 292.95001220703125,
  "call_gex_billions": 9.890785,
  "put_gex_billions": 2.884027,
  "n_contracts": 116,
  "timestamp": "2026-06-13T19:35:26.754707+00:00",
  "risk_free_rate": 0.045
}