{
  "gex_by_strike": {
    "495.0": -1e-06,
    "500.0": 1.2e-05,
    "505.0": -1e-06,
    "515.0": -0.0,
    "520.0": -2e-06,
    "525.0": -1e-06,
    "530.0": -0.0,
    "545.0": -0.0,
    "550.0": -1e-06,
    "555.0": -0.0,
    "560.0": 1e-05,
    "565.0": -0.0,
    "580.0": 6e-06,
    "585.0": -0.00024,
    "590.0": -4.5e-05,
    "595.0": -0.001164,
    "600.0": -0.000113,
    "605.0": -5.4e-05,
    "610.0": -0.000135,
    "615.0": -0.002693,
    "620.0": -0.00256,
    "625.0": -7.1e-05,
    "630.0": -0.000165,
    "635.0": -0.001134,
    "640.0": -0.00487,
    "645.0": -0.000815,
    "650.0": -0.004269,
    "655.0": -0.001259,
    "660.0": -0.083249,
    "665.0": -0.005942,
    "670.0": -0.013264,
    "675.0": -0.268111,
    "680.0": -0.153463,
    "685.0": 0.034746,
    "690.0": 0.042608,
    "695.0": 0.1749,
    "700.0": 0.092642,
    "701.0": -0.001497,
    "702.0": 0.167687,
    "703.0": -0.047712,
    "704.0": 0.344821,
    "705.0": 0.387769,
    "706.0": 0.136091,
    "707.0": 0.038338,
    "708.0": 0.024869,
    "709.0": 0.188038,
    "710.0": 1.009612,
    "711.0": -0.787962,
    "712.0": -0.045188,
    "713.0": 0.248849,
    "714.0": -0.675561,
    "715.0": -5.763365,
    "716.0": 0.318138,
    "717.0": 0.780229,
    "718.0": 0.659602,
    "719.0": -1.652162,
    "720.0": 16.30305,
    "721.0": 0.619177,
    "722.0": 0.717598,
    "723.0": 1.917796,
    "724.0": 2.607888,
    "725.0": 7.378273,
    "726.0": 0.045686,
    "727.0": 2.448885,
    "728.0": 1.303705,
    "729.0": 0.712062,
    "730.0": 2.415896,
    "731.0": -0.410672,
    "732.0": 1.295145,
    "733.0": 1.501976,
    "734.0": -0.659843,
    "735.0": 0.725262,
    "736.0": 0.193218,
    "737.0": -0.016002,
    "738.0": 0.049212,
    "739.0": 0.086012,
    "740.0": 0.305865,
    "741.0": 0.058864,
    "742.0": 0.015934,
    "743.0": 0.007653,
    "744.0": 0.040461,
    "745.0": 0.012968,
    "746.0": 0.004284,
    "747.0": 0.002726,
    "748.0": 0.002442,
    "749.0": 0.007951,
    "750.0": 0.006035,
    "751.0": 0.00112,
    "752.0": 0.007201,
    "753.0": 0.000643,
    "754.0": 0.012985,
    "755.0": 0.00235,
    "756.0": 0.017804,
    "757.0": 0.000101,
    "758.0": 0.000135,
    "759.0": 0.000112,
    "760.0": 0.001903,
    "761.0": 0.003956,
    "762.0": 5.9e-05,
    "763.0": 0.000117,
    "764.0": 0.00335,
    "765.0": 0.002744,
    "766.0": 0.00092,
    "767.0": 0.011047,
    "768.0": 5.8e-05,
    "769.0": 0.082824,
    "770.0": 0.001459,
    "771.0": 0.00017,
    "772.0": 0.000473,
    "773.0": 9.2e-05,
    "774.0": 0.004894,
    "775.0": 4.8e-05,
    "780.0": 5.9e-05,
    "785.0": 2e-05,
    "790.0": 4e-06,
    "795.0": 0.003176,
    "800.0": -5e-05,
    "805.0": 0.001577,
    "810.0": 0.001002,
    "820.0": 1e-06,
    "845.0": 4.6e-05,
    "880.0": 4e-06,
    "890.0": 5e-06,
    "895.0": 1e-05
  },
  "zero_gamma": 719.09,
  "net_gex_billions": 34.993823,
  "spot": 721.3400268554688,
  "call_gex_billions": 74.164919,
  "put_gex_billions": 39.171096,
  "n_contracts": 193,
  "timestamp": "2026-06-13T19:35:24.848852+00:00",
  "risk_free_rate": 0.045
}