{
  "gex_by_strike": {
    "50.0": -0.001456,
    "55.0": -0.000136,
    "60.0": -0.001676,
    "65.0": -0.000652,
    "70.0": -0.001191,
    "75.0": -0.000316,
    "80.0": -0.000877,
    "85.0": -1.4e-05,
    "90.0": -6.8e-05,
    "95.0": -0.000384,
    "100.0": -0.008621,
    "105.0": -0.000162,
    "110.0": -4.5e-05,
    "115.0": -0.000123,
    "120.0": -0.000289,
    "125.0": -7.1e-05,
    "130.0": -0.000593,
    "135.0": -0.000769,
    "140.0": -0.000458,
    "145.0": -0.000533,
    "150.0": -0.012037,
    "155.0": -0.000499,
    "160.0": -0.002442,
    "165.0": -0.002247,
    "170.0": -0.000578,
    "175.0": 4.1e-05,
    "180.0": -0.000271,
    "185.0": -0.000641,
    "190.0": -0.00093,
    "195.0": -4e-06,
    "200.0": -0.046178,
    "205.0": -0.004161,
    "210.0": -0.001053,
    "215.0": -0.000674,
    "220.0": -0.007643,
    "225.0": -0.002651,
    "230.0": -0.011799,
    "235.0": -0.004744,
    "240.0": -0.066189,
    "245.0": -0.002701,
    "250.0": -0.020635,
    "255.0": -0.004517,
    "260.0": -0.010998,
    "265.0": -0.010291,
    "270.0": -0.018745,
    "275.0": -0.014981,
    "280.0": -0.009148,
    "285.0": -0.007588,
    "290.0": -0.040818,
    "295.0": -0.003754,
    "300.0": -0.078524,
    "305.0": -0.006856,
    "310.0": -0.011837,
    "315.0": -0.014358,
    "320.0": -0.020938,
    "325.0": -0.031802,
    "330.0": -0.036125,
    "335.0": -0.016984,
    "340.0": -0.08108,
    "345.0": -0.049643,
    "350.0": -0.143178,
    "355.0": -0.028329,
    "360.0": -0.112917,
    "365.0": -0.029439,
    "370.0": -0.080324,
    "375.0": -0.150379,
    "380.0": -0.089443,
    "385.0": -0.092017,
    "390.0": -0.071257,
    "395.0": -0.081617,
    "400.0": -0.545524,
    "405.0": -0.055536,
    "410.0": -0.291667,
    "415.0": -0.080715,
    "420.0": -0.144963,
    "425.0": -0.166038,
    "430.0": -0.09959,
    "435.0": -0.060958,
    "440.0": -0.126203,
    "445.0": -0.075143,
    "450.0": -0.734444,
    "455.0": -0.151736,
    "460.0": -0.679779,
    "465.0": -0.141389,
    "470.0": -1.059807,
    "475.0": -0.306171,
    "480.0": -0.958881,
    "485.0": -0.15605,
    "490.0": -0.765886,
    "495.0": -0.136488,
    "500.0": -1.714942,
    "501.0": -0.000662,
    "502.0": -0.000793,
    "503.0": -0.000674,
    "504.0": -0.004373,
    "505.0": -0.628376,
    "506.0": -0.000905,
    "507.0": -0.001183,
    "508.0": -0.004724,
    "509.0": -0.005072,
    "510.0": -0.338645,
    "511.0": -0.000836,
    "512.0": -0.001185,
    "513.0": -0.002217,
    "514.0": -0.002312,
    "515.0": -0.296849,
    "516.0": -0.001011,
    "517.0": -0.002578,
    "518.0": -0.00124,
    "519.0": -0.002593,
    "520.0": -1.002,
    "521.0": -0.000981,
    "522.0": -0.000376,
    "523.0": -0.000755,
    "524.0": -0.000917,
    "525.0": -0.69088,
    "526.0": -0.000502,
    "527.0": -0.001069,
    "528.0": -5.6e-05,
    "529.0": -0.000865,
    "530.0": -2.603713,
    "531.0": -0.002738,
    "532.0": -0.000844,
    "533.0": -0.000862,
    "534.0": -0.000292,
    "535.0": -0.844459,
    "536.0": -0.000431,
    "537.0": -0.000384,
    "538.0": -0.00017,
    "539.0": -0.001082,
    "540.0": -2.965822,
    "541.0": -0.001391,
    "542.0": -0.000583,
    "543.0": -0.001477,
    "544.0": -0.000381,
    "545.0": -0.509183,
    "546.0": -0.00139,
    "547.0": -0.001278,
    "548.0": -0.000555,
    "549.0": -0.00093,
    "550.0": -6.964798,
    "551.0": -0.001193,
    "552.0": -0.000978,
    "553.0": -0.004455,
    "554.0": -0.004541,
    "555.0": -1.835464,
    "556.0": -0.005281,
    "557.0": -0.000403,
    "558.0": -0.001541,
    "559.0": -0.00187,
    "560.0": -0.808186,
    "561.0": -0.00402,
    "562.0": -0.002801,
    "563.0": -0.001754,
    "564.0": -0.006688,
    "565.0": -1.8184,
    "566.0": -0.001407,
    "567.0": -0.00108,
    "568.0": -0.001844,
    "569.0": -0.005157,
    "570.0": -0.852439,
    "571.0": -0.00829,
    "572.0": -0.003342,
    "573.0": -0.004143,
    "574.0": -0.002793,
    "575.0": -2.053849,
    "576.0": -0.005361,
    "577.0": -0.008096,
    "578.0": -0.001262,
    "579.0": -0.002927,
    "580.0": -1.779087,
    "581.0": -0.00102,
    "582.0": -0.002755,
    "583.0": -0.003841,
    "584.0": -0.370135,
    "585.0": -1.406592,
    "586.0": -0.002771,
    "587.0": -0.001596,
    "588.0": -0.003126,
    "589.0": -0.105155,
    "590.0": -5.235519,
    "591.0": -0.001821,
    "592.0": -0.004004,
    "593.0": -0.003056,
    "594.0": 0.112911,
    "595.0": -1.37377,
    "596.0": -0.006731,
    "597.0": -0.075095,
    "598.0": -0.289428,
    "599.0": 0.070151,
    "600.0": -12.725476,
    "601.0": 0.042962,
    "602.0": -0.005199,
    "603.0": -0.025001,
    "604.0": -0.008911,
    "605.0": -3.739245,
    "606.0": 0.106146,
    "607.0": -0.017517,
    "608.0": -0.026522,
    "609.0": -0.01266,
    "610.0": -2.603254,
    "611.0": 0.057693,
    "612.0": -0.018052,
    "613.0": -0.008199,
    "614.0": -0.018968,
    "615.0": -6.5968,
    "616.0": -0.388782,
    "617.0": -0.027598,
    "618.0": -0.061907,
    "619.0": -0.11756,
    "620.0": -5.749099,
    "621.0": -0.05911,
    "622.0": -0.228936,
    "623.0": -0.05158,
    "624.0": 0.023644,
    "625.0": -7.441554,
    "626.0": -0.052492,
    "627.0": -0.076552,
    "628.0": -0.056393,
    "629.0": 0.038548,
    "630.0": -15.349749,
    "631.0": -0.0877,
    "632.0": -0.067905,
    "633.0": -0.055347,
    "634.0": -0.081853,
    "635.0": -3.2717,
    "636.0": -0.049716,
    "637.0": -0.025611,
    "638.0": 0.03729,
    "639.0": -0.013142,
    "640.0": -6.907502,
    "641.0": 0.309325,
    "642.0": 0.000979,
    "643.0": -0.000705,
    "644.0": -0.050452,
    "645.0": -5.83985,
    "646.0": -0.077747,
    "647.0": 0.037661,
    "648.0": -0.101051,
    "649.0": -0.02691,
    "650.0": -11.878733,
    "651.0": -0.070862,
    "652.0": -0.05174,
    "653.0": -0.165575,
    "654.0": -0.055377,
    "655.0": -6.924887,
    "656.0": -0.106517,
    "657.0": -0.184568,
    "658.0": -0.277953,
    "659.0": -0.246294,
    "660.0": -21.881681,
    "661.0": -0.207702,
    "662.0": -0.112298,
    "663.0": -0.101887,
    "664.0": -0.303926,
    "665.0": -15.917625,
    "666.0": -0.802083,
    "667.0": -0.107112,
    "668.0": -0.17551,
    "669.0": -0.20003,
    "670.0": -14.31009,
    "671.0": -0.149733,
    "672.0": -0.183821,
    "673.0": -0.36231,
    "674.0": -0.225242,
    "675.0": -6.343519,
    "676.0": -0.57303,
    "677.0": -0.428324,
    "678.0": -0.302427,
    "679.0": -0.314122,
    "680.0": -11.346402,
    "681.0": -3.894587,
    "682.0": -3.827267,
    "683.0": -1.621642,
    "684.0": 2.902149,
    "685.0": -6.898152,
    "686.0": -1.194765,
    "687.0": -0.675582,
    "688.0": -1.067389,
    "689.0": -0.251064,
    "690.0": -18.800834,
    "691.0": -0.509124,
    "692.0": -0.245314,
    "693.0": -0.950498,
    "694.0": 0.322037,
    "695.0": -7.981697,
    "696.0": -1.44513,
    "697.0": -0.951424,
    "698.0": -1.916849,
    "699.0": -0.418468,
    "700.0": -47.43938,
    "701.0": -1.591477,
    "702.0": -10.641241,
    "703.0": -6.973307,
    "704.0": -7.529595,
    "705.0": -17.554047,
    "706.0": -6.209881,
    "707.0": -2.616517,
    "708.0": -6.658009,
    "709.0": -7.634928,
    "710.0": -42.076017,
    "711.0": -1.245177,
    "712.0": -9.803149,
    "713.0": -3.561016,
    "714.0": -9.700595,
    "715.0": -26.18861,
    "716.0": -18.179766,
    "717.0": -8.667064,
    "718.0": -23.094387,
    "719.0": -6.117306,
    "720.0": -55.943714,
    "721.0": -5.164177,
    "722.0": -14.268913,
    "723.0": -5.568819,
    "724.0": -13.034726,
    "725.0": -35.657044,
    "726.0": -2.385559,
    "727.0": -3.114028,
    "728.0": -4.065747,
    "729.0": -13.743083,
    "730.0": -88.300891,
    "731.0": -4.778691,
    "732.0": -1.056574,
    "733.0": -15.201043,
    "734.0": 4.620739,
    "735.0": -84.430898,
    "736.0": -5.575546,
    "737.0": -3.666804,
    "737.5": -0.278368,
    "738.0": -5.280569,
    "739.0": 0.418822,
    "740.0": -44.766325,
    "741.0": 10.082025,
    "742.0": 3.038485,